Chromosome,Position,A/J,C57BL/6J,129S1/SvImJ,NOD/ShiLtJ,NZO/HlLtJ,CAST/EiJ,PWK/PhJ,WSB/EiJ,a8675309,aiyer24,andpark,asdunnbe,aw811502,benshaw,camsimba,chrpark,ckong727,clh123,dikshaj,dlavin,dmanila,dowden19,edcho,elibz,gorem294,gribbins,hty1016,hyunmo,jenlevy,jilland,johnszhu,kkm,lesli10,liyachen,lmx0227,mcmillan,merielt,mrasami,mvardis,owenmc,rceglie,senatay,simmi,vantwisk,vietdi,vikram14,zhiyue,extra01,extra02,extra03,extra04,extra05,extra06,extra07,extra08,extra09
13,3561535,A,C,A,C,C,C,C,C,H,C,A,C,C,A,C,C,C,A,C,A,C,C,C,C,C,A,C,C,A,A,C,A,A,C,C,A,C,C,C,C,C,C,A,A,C,A,C,C,C,C,C,C,C,A,C,C
13,4029227,A,A,A,A,G,G,A,A,A,G,A,A,A,A,A,A,A,A,A,A,A,A,G,A,A,A,G,A,A,A,H,A,A,A,A,A,A,A,G,A,G,G,A,A,G,A,G,A,G,A,A,A,A,A,G,G
13,4752533,C,T,C,T,C,T,C,T,H,T,C,T,T,C,H,C,C,C,T,C,T,T,T,T,T,C,T,T,C,C,H,C,C,T,C,C,T,T,C,C,T,C,C,C,C,C,C,T,T,T,T,T,T,C,C,C
13,5392085,T,G,T,T,G,T,G,T,T,T,T,T,T,T,G,G,G,T,G,T,G,T,T,G,T,T,T,G,T,T,H,T,T,T,G,T,G,T,G,G,T,G,T,T,G,T,G,G,T,G,T,G,T,T,G,G
13,5945123,G,G,G,A,G,A,G,G,G,A,G,G,A,G,G,G,G,G,G,G,G,A,A,G,G,G,A,G,G,G,H,G,G,G,G,G,G,A,G,G,A,G,G,G,G,G,G,G,A,G,A,G,A,G,G,G
13,6304055,G,A,G,G,G,G,G,G,G,G,G,G,G,G,H,G,G,G,A,G,A,G,G,A,G,G,G,A,G,G,G,G,G,G,G,G,A,G,G,G,G,G,G,G,G,G,G,A,G,A,G,A,G,G,G,G
13,7088753,T,T,T,C,C,T,C,T,T,T,T,T,C,T,H,C,C,T,T,T,T,C,T,T,T,T,T,T,T,T,H,T,T,T,C,T,T,C,C,C,T,C,T,T,C,T,C,T,T,T,C,T,C,T,C,C
13,7553047,A,A,A,C,C,A,C,C,H,A,A,C,C,A,H,C,C,A,A,A,A,C,A,A,C,A,A,A,A,A,H,A,A,C,C,A,A,C,C,C,A,C,A,A,C,A,C,A,A,A,C,A,C,A,C,C
13,7999300,G,G,G,T,T,G,T,G,G,G,G,G,T,G,H,T,T,G,G,G,G,T,G,G,G,G,G,G,G,G,H,G,G,G,T,G,G,T,T,T,G,T,G,G,T,G,T,G,G,G,T,G,T,G,T,T
13,8618531,T,T,T,C,C,C,C,C,H,C,T,C,C,T,H,C,C,T,T,T,T,C,C,T,C,T,C,T,T,T,C,T,T,C,C,T,T,C,C,C,C,C,T,T,C,T,C,T,C,T,C,T,C,T,C,C
13,9636120,C,C,T,T,T,C,C,T,H,C,T,T,T,C,C,C,C,C,C,T,C,T,C,C,T,T,C,C,C,T,C,T,C,T,C,C,C,T,T,C,C,T,C,C,T,C,T,C,C,C,T,C,T,T,T,T
13,10594297,C,C,T,T,T,C,T,C,C,C,T,C,T,C,H,T,T,C,C,T,C,T,C,C,C,T,C,C,C,T,H,T,C,C,T,C,C,T,T,T,C,T,C,C,T,C,T,C,C,C,T,C,T,T,T,T
13,11491322,G,G,G,T,G,G,G,G,G,G,G,G,T,G,G,G,G,G,G,G,G,T,G,G,G,G,G,G,G,G,G,G,G,G,G,G,G,T,G,G,G,G,G,G,G,G,G,G,G,G,T,G,G,G,G,G
13,12535416,T,T,C,T,C,C,C,C,C,C,C,C,T,T,H,C,C,T,T,C,T,T,C,T,C,C,T,T,T,C,C,C,T,C,C,T,T,T,C,C,C,C,T,T,C,T,C,T,C,T,T,T,C,C,C,C
13,13268590,G,G,G,G,A,G,G,G,G,G,G,G,G,G,G,G,G,G,G,G,G,G,G,G,G,G,G,G,G,G,G,G,G,G,G,G,G,G,A,G,G,A,G,G,A,G,A,G,G,G,G,G,G,G,A,A
13,14195930,T,T,C,T,T,C,T,C,C,C,C,C,T,T,T,T,T,T,T,C,T,T,C,T,C,C,T,T,T,C,C,C,T,C,T,T,T,T,T,T,C,T,T,T,T,T,T,T,C,T,T,T,C,C,T,T
13,14616277,G,G,G,A,G,A,G,A,A,A,G,A,A,G,G,G,G,G,G,G,G,A,A,G,A,G,G,G,G,G,A,G,G,A,G,G,G,A,G,G,A,G,G,G,G,G,G,G,A,G,A,G,A,G,G,G
13,15022703,T,T,T,T,C,C,T,C,C,C,T,C,T,T,T,T,T,T,T,T,T,T,C,T,C,T,T,T,T,T,C,T,T,C,T,T,T,T,C,T,C,C,T,T,C,T,C,T,C,T,T,T,C,T,C,C
13,15617153,A,A,A,A,G,G,G,A,A,G,A,A,A,A,H,G,A,A,A,A,A,A,A,A,A,A,A,A,A,A,G,A,A,A,G,A,A,A,G,G,G,G,A,A,G,A,G,A,G,A,A,A,G,A,G,G
13,16847837,G,T,G,G,T,T,T,G,G,T,G,G,G,G,T,T,G,G,T,G,T,G,G,T,G,G,G,T,G,G,T,G,G,G,T,G,T,G,T,T,T,T,G,G,T,G,T,T,T,T,G,T,T,G,T,T
13,16935026,A,G,A,A,G,G,G,G,G,G,A,G,A,A,G,G,A,A,G,A,G,A,G,G,G,A,A,G,A,G,G,A,A,G,G,A,G,A,G,G,G,G,A,A,G,A,G,G,G,G,A,G,G,A,G,G
13,17236701,T,C,C,T,C,C,T,C,C,C,C,C,T,T,H,T,T,T,C,C,C,T,C,C,C,C,T,C,T,C,C,C,T,C,T,T,C,T,C,T,C,C,T,T,C,T,C,C,C,C,T,C,C,C,C,C
13,17868992,A,G,A,G,G,A,A,A,A,A,A,A,G,A,H,A,A,A,G,A,G,G,A,G,A,A,A,G,A,A,A,A,A,A,A,G,G,G,G,A,A,G,A,A,G,A,G,G,A,G,G,G,A,A,G,G
13,18246094,T,C,T,T,C,C,C,T,T,C,T,T,T,T,C,C,T,T,C,T,C,T,T,C,T,T,T,C,T,T,C,T,T,T,C,C,C,T,C,C,C,C,T,T,C,T,C,C,C,C,T,C,C,T,C,C
13,18626399,G,A,A,A,A,A,A,A,A,A,A,A,A,G,A,A,G,G,A,A,A,A,A,A,A,A,G,A,G,A,A,A,G,A,A,A,A,A,A,A,A,A,G,G,A,G,A,A,A,A,A,A,A,A,A,A
13,18764095,G,T,G,G,G,G,G,G,G,G,G,G,G,G,H,G,G,G,T,G,T,G,G,T,G,G,G,T,G,G,G,G,G,G,G,T,T,G,G,G,G,G,G,G,G,G,G,G,G,T,G,T,G,G,G,G
13,19162715,T,G,T,G,G,G,G,T,T,G,T,T,G,T,G,G,T,T,G,T,G,G,T,G,T,T,T,G,T,T,G,T,T,T,G,G,G,G,T,G,G,G,T,T,G,T,G,G,G,G,G,G,G,T,G,G
13,19289945,T,T,T,C,T,C,C,T,T,C,T,T,C,T,H,C,T,T,T,T,T,C,T,T,T,T,T,T,T,T,C,T,T,T,C,T,T,C,T,C,C,T,T,T,T,T,T,T,C,T,C,T,C,T,T,T
13,19658269,A,G,G,A,G,A,A,G,G,A,G,G,A,A,H,A,A,A,G,G,G,A,G,G,G,G,A,G,A,G,A,G,A,G,A,G,G,A,G,A,A,G,A,A,G,A,G,G,A,G,A,G,A,G,G,G
13,20159611,C,C,T,C,C,T,T,T,T,T,T,T,C,C,C,C,C,C,C,T,C,C,T,C,T,T,C,C,C,T,T,T,C,T,T,C,C,C,T,T,T,C,C,C,C,C,H,C,T,C,C,C,T,T,C,C
13,20426383,A,G,A,G,G,G,A,A,A,A,A,A,G,A,G,G,A,A,G,A,G,G,A,G,A,A,A,G,A,A,G,A,A,A,G,G,G,G,G,A,G,G,A,A,G,A,H,G,G,G,G,G,G,A,G,G
13,22090835,C,T,C,C,T,T,C,T,T,C,C,T,C,C,T,C,C,C,T,C,T,C,T,T,T,C,C,T,C,T,T,C,C,T,T,T,T,C,T,C,T,T,C,C,T,C,T,T,T,T,C,T,T,C,T,T
13,23270280,T,T,T,C,C,T,C,T,T,T,T,T,C,T,T,C,T,T,T,T,T,C,T,T,T,T,T,T,T,T,T,T,T,T,T,T,T,C,T,C,T,C,T,T,C,T,H,C,T,T,C,T,T,T,C,C
13,23735565,T,C,T,C,T,C,T,C,C,T,T,C,C,T,C,C,T,T,C,T,C,C,C,C,C,T,T,C,T,C,C,T,T,C,C,C,C,C,C,T,C,T,T,T,T,T,H,T,C,C,C,C,C,T,T,T
13,25131524,C,C,C,T,C,C,C,C,C,C,C,C,T,C,C,T,C,C,C,C,C,T,C,C,C,C,C,C,C,C,C,C,C,C,C,C,C,T,C,C,C,C,C,C,C,C,C,C,C,C,T,C,C,C,C,C
13,25835082,C,C,C,A,C,A,A,A,A,C,C,A,A,C,C,A,C,C,C,C,C,A,A,C,A,C,C,C,C,A,A,C,C,A,A,C,C,A,C,C,A,C,C,C,C,C,A,C,A,C,A,C,A,C,C,C
13,26576136,G,G,G,G,G,A,A,G,G,G,G,G,G,G,G,G,G,G,G,G,G,G,G,G,G,G,G,G,G,G,A,G,G,G,A,G,G,G,G,G,A,G,G,G,G,G,G,G,A,G,G,G,A,G,G,G
13,27045522,C,C,C,C,C,T,C,C,C,C,C,C,C,C,C,C,C,C,C,C,C,C,C,C,C,C,C,C,C,C,T,C,C,C,T,C,C,C,C,C,T,C,C,C,C,C,C,C,T,C,C,C,T,C,C,C
13,28481382,A,A,A,A,A,G,G,G,G,A,A,G,A,A,A,A,A,A,A,A,A,A,G,A,G,A,A,A,A,G,G,A,A,G,G,A,A,A,A,A,G,A,A,A,A,A,G,A,G,A,A,A,G,A,A,A
13,28960442,G,A,G,G,G,G,G,G,G,G,G,G,G,G,A,G,G,G,A,G,A,G,G,A,G,G,G,G,G,G,G,G,G,G,G,A,A,G,A,G,G,G,G,G,G,G,G,G,G,A,G,A,G,G,A,G
13,29312977,T,T,C,T,T,C,T,T,T,T,C,T,T,T,T,T,T,C,T,C,T,T,T,T,T,C,T,T,T,T,C,C,T,T,C,T,T,T,T,C,C,T,T,T,T,T,T,T,C,T,T,T,C,C,T,T
13,29960408,A,A,A,A,A,G,A,G,A,A,A,G,A,A,A,A,A,A,A,A,A,A,G,A,G,A,A,A,A,G,G,A,G,G,G,A,A,A,A,A,G,A,A,A,A,A,G,A,G,A,A,A,G,A,A,G
13,30264993,T,T,C,T,T,C,T,C,T,T,C,C,T,T,T,T,T,C,T,C,T,T,C,T,C,C,T,T,T,C,C,C,C,C,C,T,T,T,T,C,C,T,T,T,T,T,C,T,C,T,T,C,C,C,T,C
13,30790623,A,A,C,A,A,C,C,A,A,A,C,A,A,A,A,A,A,C,A,C,A,A,A,A,A,C,A,A,A,A,C,C,A,A,C,A,A,A,A,C,C,A,A,A,A,A,A,A,C,A,A,A,C,C,A,A
13,31125127,C,T,T,T,C,C,T,C,C,C,T,C,T,C,T,C,C,T,T,T,T,T,C,T,C,T,C,T,C,T,H,T,C,T,C,T,T,T,T,T,C,C,C,C,C,C,C,C,C,T,T,C,C,T,T,C
13,31277921,C,C,A,C,C,C,C,C,C,C,A,C,C,C,C,C,C,A,C,A,C,C,C,C,C,A,C,C,C,A,C,A,C,C,C,C,C,C,C,A,C,C,C,C,C,C,C,C,C,C,C,C,C,A,C,C
13,31406941,G,A,A,A,A,G,G,A,H,G,A,A,A,G,A,G,G,A,A,A,A,A,A,A,A,A,G,A,G,A,G,A,A,G,G,A,A,A,A,A,G,A,G,G,G,G,A,A,G,A,A,A,G,A,A,A
13,31406993,G,A,A,A,A,A,A,A,H,G,A,A,A,G,A,G,G,A,A,A,A,A,A,A,A,A,G,A,G,A,A,A,A,A,A,A,A,A,A,A,A,A,G,G,G,G,A,A,A,A,A,A,A,A,A,A
13,32124864,G,A,A,A,A,G,G,G,G,A,A,G,A,G,A,G,G,A,A,A,A,A,G,A,G,A,G,A,G,A,G,A,G,G,G,A,A,A,A,A,G,A,G,G,G,G,G,A,G,A,A,G,G,A,A,G
13,32641487,C,C,A,C,C,C,C,C,C,A,A,C,C,C,C,C,C,A,C,A,C,C,C,C,C,A,C,C,C,A,C,A,C,C,C,C,C,C,C,A,C,C,C,C,C,C,C,C,C,C,C,C,C,A,C,C
13,32943624,C,A,A,A,A,C,C,C,C,A,A,C,A,C,A,C,C,A,A,A,A,A,C,A,C,A,C,A,C,A,C,A,C,C,C,A,A,A,A,A,C,A,C,C,C,C,C,A,C,A,A,C,C,A,A,C
13,33071258,A,G,G,G,G,G,G,A,A,G,G,A,G,A,G,A,A,G,G,G,G,G,A,G,A,G,A,G,A,G,G,G,A,G,G,G,G,G,G,G,G,G,A,A,A,A,A,G,G,G,G,A,G,G,G,A
13,35239168,C,T,T,T,C,T,C,T,T,T,T,T,T,C,T,C,C,T,T,T,T,T,T,T,T,T,C,T,C,T,H,T,T,C,T,T,T,T,T,T,T,C,C,C,C,C,T,C,T,T,T,T,T,T,T,T
13,35898021,T,T,T,T,T,C,T,C,C,T,T,C,T,T,T,T,T,T,T,T,T,T,C,T,C,T,T,T,T,T,H,T,C,T,C,T,T,T,T,C,C,T,T,T,T,T,T,T,C,T,T,C,C,T,T,C
13,36440253,C,T,T,T,T,C,C,C,C,T,T,C,T,C,T,C,C,T,T,T,T,T,C,T,C,T,C,T,C,T,C,T,C,C,C,T,T,T,T,C,C,T,C,C,C,C,T,T,C,T,T,C,C,T,T,C
13,37104661,C,T,T,C,C,T,T,T,T,T,T,T,C,C,T,C,C,T,T,T,T,T,T,T,T,C,C,T,C,T,T,T,T,T,T,T,T,C,T,T,T,C,C,C,C,C,C,C,T,T,C,T,T,T,T,T
13,37361288,G,A,A,A,A,G,G,G,G,A,A,G,A,G,A,A,G,A,A,A,A,A,G,A,G,G,G,A,G,A,G,A,G,G,G,A,A,A,A,G,G,A,G,G,G,G,A,A,G,A,A,G,G,A,A,G
13,37567530,C,C,C,C,T,T,C,T,T,C,C,T,C,C,C,C,C,C,C,C,C,C,T,C,T,C,C,C,C,C,H,C,T,C,C,C,C,C,C,T,T,T,C,C,C,C,C,T,T,C,C,H,T,C,C,T
13,38106540,G,A,G,A,A,G,G,A,A,G,G,A,A,G,A,A,G,G,A,G,A,A,A,A,A,G,G,A,G,G,G,G,A,A,G,A,A,A,A,A,G,A,G,G,H,G,A,A,G,H,G,H,G,G,A,G
13,38827842,C,C,T,C,T,T,C,T,T,T,T,T,C,C,C,C,C,T,C,T,C,C,T,C,T,C,C,C,C,T,H,T,T,T,C,C,C,C,C,T,T,T,C,C,C,C,C,T,C,H,T,H,T,T,C,C
13,39165736,G,G,A,G,G,A,A,A,A,A,A,A,G,G,G,G,G,A,G,A,G,G,A,G,A,G,G,G,G,A,A,A,A,A,A,G,G,G,G,A,A,G,G,G,G,G,G,A,G,H,A,A,A,A,G,G
13,42450014,C,A,C,C,C,C,A,C,A,C,C,C,C,C,C,C,C,C,A,C,A,A,C,A,A,C,C,A,C,C,C,C,C,C,C,A,A,C,A,C,C,C,C,A,C,C,C,C,C,A,C,H,C,C,C,C
13,42649675,G,G,A,G,G,G,G,G,G,A,A,G,G,G,G,G,G,A,G,A,G,G,G,G,G,G,G,G,G,A,G,A,G,G,G,G,G,G,G,G,G,G,G,G,G,G,G,G,G,G,G,G,G,A,G,G
13,42863733,G,A,G,G,G,A,G,G,A,G,G,G,G,G,G,G,G,G,A,G,A,A,G,A,G,G,G,A,G,G,A,G,G,G,G,A,A,G,A,G,A,G,G,G,G,G,G,G,G,A,A,G,A,G,G,G
13,43525979,C,C,T,C,C,C,C,C,C,T,T,C,C,C,C,C,C,T,C,H,C,C,C,C,C,C,C,C,C,H,T,T,C,C,C,C,C,C,C,C,C,C,C,C,C,C,C,C,C,C,C,C,C,T,C,C
13,43527331,G,A,G,A,G,A,G,A,A,G,G,A,A,G,A,G,G,G,A,G,A,A,A,A,G,G,G,A,G,H,G,G,A,A,A,A,A,A,A,A,A,G,A,G,G,G,A,G,A,A,A,H,A,G,A,G
13,43575008,G,A,A,A,A,A,G,A,A,A,A,A,A,G,A,A,A,A,A,H,A,A,A,A,G,G,G,A,G,A,A,A,A,A,A,A,A,A,A,A,A,H,A,G,H,G,A,A,A,A,A,H,A,A,A,G
13,44346328,C,T,C,T,T,C,C,T,T,C,C,T,T,C,T,T,T,C,T,C,T,T,T,T,C,C,C,T,C,H,C,C,T,T,T,T,T,T,T,T,C,H,T,C,H,C,T,T,T,T,C,H,C,C,T,C
13,44605053,A,G,A,G,G,G,A,A,G,A,A,A,G,A,G,G,G,A,G,A,G,G,A,G,A,A,A,G,A,A,A,A,A,A,G,G,G,G,G,A,G,H,A,A,H,A,G,G,G,G,G,A,G,A,G,A
13,45202912,G,A,G,G,A,G,G,A,A,G,G,A,G,G,G,A,A,G,A,G,A,A,A,A,G,G,G,A,G,H,G,G,A,A,G,A,A,G,A,A,G,H,A,G,H,G,G,A,G,A,G,A,G,G,G,G
13,46369428,A,A,A,A,A,A,G,A,A,A,A,A,A,A,A,A,A,A,A,A,A,A,A,A,G,A,A,A,A,A,A,A,A,A,A,A,A,A,A,A,A,A,A,G,A,A,A,A,A,A,A,A,A,A,A,A
13,47070470,A,G,A,A,G,G,G,G,G,A,A,G,A,A,A,G,A,A,G,A,G,G,A,G,G,A,A,G,A,H,G,A,G,G,A,G,G,A,G,G,G,H,G,A,H,A,A,G,A,G,G,G,G,A,A,A
13,47704913,A,G,A,A,A,G,A,G,G,A,A,G,A,A,A,A,A,A,G,A,A,G,A,A,A,A,A,G,A,H,A,A,G,G,A,G,G,A,G,G,G,A,G,A,A,A,A,A,A,G,G,G,G,A,A,A
13,48506302,T,T,T,T,T,C,T,T,T,T,T,T,T,T,T,T,T,T,T,T,T,T,T,T,T,T,T,T,T,T,T,T,T,T,T,T,T,T,T,T,T,T,T,T,T,T,T,T,T,T,C,T,C,T,T,T
13,49015955,T,T,T,T,T,G,T,G,T,T,T,G,T,T,T,T,T,T,T,T,T,T,T,T,T,T,T,T,T,H,T,T,G,G,T,T,T,T,T,G,G,T,G,T,T,T,T,T,T,T,G,G,G,T,T,T
13,49893568,G,G,G,G,G,G,G,T,G,G,G,T,G,G,G,G,G,G,G,G,G,G,G,G,G,G,G,G,G,H,G,G,T,T,G,G,G,G,G,T,T,G,T,G,G,G,G,G,G,G,G,T,G,G,G,G
13,51073001,A,G,G,G,G,G,G,G,G,G,G,G,G,A,G,G,G,G,G,H,G,G,G,G,G,G,A,G,A,G,G,G,G,G,G,G,G,G,G,G,G,H,G,G,A,A,G,G,G,G,G,G,G,G,G,A
13,51260011,C,C,A,C,C,C,C,C,C,A,A,C,C,C,C,C,C,A,C,H,C,C,A,C,C,A,C,C,C,H,C,A,C,C,C,C,C,C,C,C,C,C,C,C,C,C,C,C,C,C,C,C,C,A,C,C
13,52116252,T,T,T,T,T,C,C,C,T,T,T,C,T,T,T,T,T,T,T,T,T,T,T,T,C,T,T,T,T,H,H,T,C,C,T,T,C,T,T,C,C,T,C,T,T,T,T,T,T,T,C,C,C,T,T,T
13,52316488,C,C,C,C,C,C,T,C,C,C,C,C,C,C,C,C,C,C,C,C,C,C,C,C,T,C,C,C,C,C,H,C,C,C,C,C,T,C,C,C,C,C,C,C,C,C,C,C,C,C,C,C,C,C,C,C
13,53813956,C,C,T,T,C,T,C,C,C,T,T,C,T,C,T,C,C,T,C,H,C,C,T,C,C,T,C,C,C,H,C,T,C,C,T,C,C,T,C,C,C,C,C,T,T,C,T,C,T,C,T,C,T,T,T,C
13,54568807,G,A,G,G,G,G,G,G,A,G,G,G,G,G,G,G,G,G,A,G,G,A,G,G,G,G,G,A,G,G,G,G,G,G,G,A,G,G,A,G,G,G,G,G,G,G,G,G,G,G,G,G,G,G,G,G
13,54789697,T,C,C,T,C,C,C,T,C,C,C,T,T,T,T,C,C,C,C,H,C,C,C,C,C,C,T,C,T,H,C,C,T,C,T,C,C,T,C,T,T,C,T,T,C,T,T,C,T,C,C,C,C,C,T,T
13,55506683,G,A,A,A,A,G,G,G,A,A,A,G,A,G,A,A,A,A,A,H,A,A,A,A,G,A,G,A,G,H,H,A,G,A,A,A,G,A,A,G,G,A,G,A,G,G,A,A,A,A,G,G,G,A,G,A
13,56290732,G,T,G,G,T,T,G,T,T,G,G,T,G,G,G,T,T,G,T,G,T,T,G,T,G,G,G,T,T,H,H,G,T,G,G,T,G,G,T,T,T,T,T,G,T,G,G,T,G,G,T,G,T,G,T,T
13,56890290,C,C,T,T,C,C,T,C,C,T,T,C,C,C,T,C,C,T,C,H,C,C,T,C,T,T,C,C,C,H,T,T,C,T,T,C,T,T,C,C,C,C,C,T,C,C,T,C,T,T,C,T,C,T,C,C
13,57341379,T,T,T,T,T,T,C,C,T,T,T,C,T,T,T,T,T,T,T,T,T,T,T,T,C,T,T,T,T,H,C,T,C,T,T,T,C,T,T,C,C,T,C,T,T,T,T,T,T,T,T,C,T,T,C,T
13,57849647,A,A,A,A,A,C,C,C,A,A,A,C,A,A,A,A,A,A,A,A,A,A,A,A,C,A,A,A,A,H,C,A,C,A,A,A,C,A,A,C,C,A,C,A,C,A,A,A,A,A,C,C,C,A,C,A
13,58307694,C,C,C,C,C,T,T,T,C,C,C,T,C,C,C,C,C,C,C,C,C,C,C,C,T,C,C,C,C,C,T,C,T,C,C,C,T,C,C,T,T,C,T,C,T,H,C,C,C,C,T,T,T,C,T,C
13,59126255,G,A,A,A,A,G,G,A,A,A,A,A,G,G,A,A,A,A,A,H,A,A,A,A,G,A,G,A,A,A,G,A,A,A,A,A,G,A,A,A,A,A,A,A,G,A,A,A,A,A,G,G,G,A,A,A
13,59827126,A,G,G,G,G,A,G,A,G,G,G,A,A,A,G,G,G,G,G,H,G,G,G,G,G,G,A,G,G,G,G,G,A,G,G,G,G,G,G,A,A,G,A,G,A,H,G,G,G,G,A,G,A,G,A,G
13,60417642,A,G,A,A,G,G,G,G,G,A,A,G,A,A,A,G,G,A,G,A,G,G,A,G,G,A,A,G,G,A,G,A,G,A,A,G,G,A,G,G,G,G,G,A,G,G,G,G,A,G,G,G,G,A,G,G
13,60657476,C,C,T,C,C,C,C,C,C,T,T,C,C,C,C,C,C,T,C,H,C,C,T,C,C,T,C,C,C,T,C,T,C,T,C,C,C,C,C,C,C,C,C,C,C,C,C,C,C,C,C,C,C,T,C,C
13,63742415,T,T,C,C,C,C,C,C,T,C,C,C,T,T,C,C,C,C,T,C,C,T,C,C,C,C,T,T,T,C,C,C,C,C,C,T,C,C,T,C,C,C,C,C,C,C,C,C,C,C,C,C,C,C,C,T
13,63764827,A,G,A,A,A,G,G,A,G,A,A,A,A,A,A,A,A,A,G,A,A,G,A,A,G,A,A,A,G,A,G,A,A,A,G,G,G,A,G,A,A,A,A,A,G,A,A,A,A,A,G,G,G,A,A,G
13,64669437,G,A,A,G,G,A,A,G,A,A,A,G,G,G,G,G,G,A,A,H,G,A,A,G,A,A,G,G,A,A,A,A,G,A,A,A,A,G,A,G,G,G,G,G,A,G,G,G,G,G,A,A,A,A,G,A
13,64787794,A,G,A,A,A,A,G,A,G,A,A,A,A,A,A,A,A,A,G,A,A,G,A,A,G,A,A,A,G,A,G,A,A,A,A,G,A,A,G,A,A,A,A,A,A,H,A,A,A,A,A,G,A,A,A,G
13,64897417,G,A,G,G,G,A,G,G,A,G,G,G,G,G,G,G,G,G,A,G,G,A,G,G,G,G,G,G,A,G,G,G,G,G,A,A,A,G,A,G,G,G,G,G,A,G,G,G,G,G,A,G,A,G,G,A
13,65046263,G,A,G,A,A,A,A,G,A,G,G,G,G,G,A,A,A,G,A,H,A,A,G,A,A,G,G,G,A,G,A,G,G,G,A,A,A,A,A,G,G,A,G,A,A,H,A,A,A,A,A,A,A,G,G,A
13,66228346,G,A,G,G,G,G,G,G,A,G,G,G,G,G,G,G,G,G,A,G,G,A,G,G,G,G,G,G,A,G,G,G,G,G,G,A,G,G,A,G,G,G,G,G,G,G,G,G,G,G,G,G,G,G,G,A
13,66948899,T,C,C,T,T,C,C,T,C,C,C,T,T,T,T,T,T,C,C,H,T,C,C,T,C,C,T,T,C,C,C,C,T,C,C,C,C,T,C,T,T,T,T,T,C,H,T,T,T,T,C,C,C,C,T,C
13,67281090,A,A,G,A,A,A,A,A,A,G,G,A,A,A,A,A,A,G,A,H,A,A,G,A,A,G,A,A,A,H,A,G,A,G,A,A,A,A,A,A,A,A,A,A,A,A,A,A,A,A,A,A,A,G,G,A
13,67480454,G,A,G,A,G,G,A,G,A,G,G,G,G,G,A,G,G,G,A,G,G,A,G,A,A,G,G,G,A,G,A,G,G,G,G,A,G,A,A,G,G,G,G,A,G,H,G,G,A,G,G,A,G,G,G,A
13,67784107,T,T,G,T,T,G,T,G,T,G,G,G,T,T,T,T,T,G,T,H,T,T,G,T,T,G,T,T,T,G,T,G,G,G,G,T,G,T,T,G,G,T,G,T,G,H,T,T,T,T,G,T,G,G,G,T
13,67814504,T,G,G,T,T,G,G,G,G,G,G,G,T,T,T,T,T,G,G,H,T,G,G,T,G,G,T,T,G,G,G,G,G,G,G,G,G,T,G,G,G,T,G,T,G,G,T,T,T,T,G,G,G,G,G,G
13,69988437,T,C,C,T,T,T,C,C,C,C,C,C,T,T,T,T,T,C,C,H,T,C,T,T,C,C,T,T,C,C,C,C,C,C,T,C,T,T,T,C,C,T,C,T,T,C,T,T,T,T,T,C,T,C,C,C
13,70589833,G,A,G,G,A,A,A,A,A,G,G,G,G,G,G,A,A,G,A,H,A,A,A,G,A,G,G,G,A,G,A,G,A,G,A,A,A,G,G,A,A,A,A,G,A,A,H,A,G,A,A,A,A,G,G,H
13,71210133,A,A,A,G,A,G,G,G,A,A,A,A,A,G,G,A,A,A,A,A,A,A,G,G,G,A,A,A,A,A,G,A,G,A,G,A,A,G,A,G,G,A,G,G,G,G,H,A,G,A,G,G,G,A,A,A
13,71259859,A,A,A,G,A,A,A,A,A,A,A,A,A,G,G,A,A,A,A,A,A,A,A,G,A,A,A,A,A,A,A,A,A,A,A,A,A,G,A,A,A,A,A,G,A,A,H,A,G,A,A,A,A,A,A,A
13,71981067,G,A,A,A,A,G,G,G,A,A,A,A,G,A,A,A,A,A,A,A,A,A,G,A,G,A,A,G,A,A,G,A,G,A,G,A,A,A,G,G,G,G,G,A,G,G,A,A,A,A,G,G,G,A,A,H
13,72668942,T,C,C,C,C,C,T,T,C,C,C,C,C,C,C,C,C,C,C,C,C,C,C,C,T,C,C,T,C,C,T,C,T,C,C,C,C,C,T,T,T,H,T,C,C,T,C,C,C,C,C,T,C,C,C,H
13,73264468,C,C,A,A,A,C,C,C,C,A,C,A,A,A,A,A,A,A,C,A,A,C,C,A,C,A,C,C,C,A,C,A,C,A,C,C,A,C,C,C,C,C,C,A,C,C,A,A,A,A,C,C,C,A,A,C
13,73811627,G,G,G,T,G,T,T,G,G,G,G,G,G,T,T,G,G,T,G,G,G,G,T,T,T,G,G,G,G,G,T,G,G,G,T,G,G,T,G,G,G,H,G,T,T,H,H,G,T,G,T,T,T,G,G,G
13,75245940,G,G,G,G,G,G,A,A,G,G,G,G,G,G,G,G,G,G,G,G,G,G,G,G,A,G,G,G,G,A,A,G,A,G,G,G,G,G,G,A,A,G,A,G,G,A,G,G,G,G,G,A,G,G,G,G
13,75882576,T,C,T,T,T,C,C,T,C,T,C,T,T,T,T,T,T,C,C,T,T,C,C,T,C,T,C,T,C,T,C,T,T,T,C,T,C,C,T,T,T,H,T,T,C,H,T,T,T,T,C,C,C,T,T,C
13,76981388,A,C,A,A,A,C,C,C,C,A,C,A,A,A,A,A,A,C,C,A,A,C,C,A,C,A,C,A,C,C,C,A,C,A,C,A,C,C,A,C,C,H,C,C,C,C,A,A,A,A,C,C,C,A,A,C
13,77537751,G,G,G,A,G,G,G,A,G,G,G,G,G,A,G,G,G,G,G,G,G,G,G,A,G,G,G,G,G,A,G,G,A,G,G,G,G,G,G,A,A,G,A,A,G,H,H,G,A,G,G,G,G,G,G,G
13,77868563,G,G,G,A,G,G,G,G,G,G,G,G,G,A,G,G,G,G,G,G,G,G,G,A,G,G,G,G,G,G,G,G,G,G,G,G,G,G,G,G,G,G,G,G,G,G,H,G,A,G,G,G,G,G,G,G
13,78232552,G,G,A,A,G,G,G,A,G,A,G,A,A,A,G,G,G,G,G,H,G,G,G,A,G,A,G,G,G,A,G,A,A,A,G,G,G,G,G,A,A,G,A,A,G,H,H,A,A,G,G,G,G,G,A,G
13,78926828,T,T,C,C,T,T,C,T,T,C,T,C,C,C,T,T,T,T,T,H,T,T,T,C,C,C,T,T,T,T,C,C,T,C,T,T,T,T,T,T,T,T,T,T,T,H,H,C,C,T,T,C,T,T,C,T
13,79392607,A,A,A,C,A,C,C,C,A,A,A,A,A,C,A,A,A,C,A,A,A,A,C,C,C,A,A,A,A,C,C,A,C,A,C,A,A,C,A,C,C,H,C,C,C,C,H,A,C,A,C,C,C,A,A,A
13,79435664,C,C,A,C,C,C,C,C,C,A,C,A,A,C,C,C,C,C,C,H,C,C,C,C,C,A,C,C,C,C,C,A,C,A,C,C,C,C,C,C,C,C,C,C,C,C,C,A,C,C,C,C,C,C,A,C
13,80110226,T,T,C,T,T,T,C,C,T,C,T,C,C,T,T,T,T,T,T,H,T,T,T,T,C,C,T,T,T,C,C,C,C,C,T,T,T,T,T,C,C,T,C,C,T,C,T,C,T,T,T,C,T,T,C,T
13,80555315,T,T,C,T,T,T,T,T,T,C,T,C,C,T,T,T,T,T,T,H,T,T,T,T,T,C,T,T,T,T,T,C,T,C,T,T,T,T,T,T,T,T,T,T,T,T,T,C,T,T,T,T,T,T,C,T
13,80693930,G,G,G,A,G,A,A,A,G,G,G,G,G,A,G,G,G,A,G,G,G,G,A,A,A,G,G,G,G,A,A,G,A,G,A,G,G,A,G,A,A,H,A,A,A,A,H,G,A,G,A,A,A,G,G,G
13,81244566,G,G,G,G,G,A,A,G,G,G,G,G,G,G,G,G,G,A,G,G,G,G,A,G,A,G,G,G,G,G,A,G,G,G,A,G,G,A,G,G,G,H,G,G,A,H,G,G,G,G,A,A,A,G,G,G
13,81919647,A,G,G,G,G,G,G,G,G,G,G,G,G,G,A,G,G,G,G,G,G,G,G,G,G,G,G,A,G,G,G,G,G,G,G,A,G,G,A,G,G,H,G,G,G,G,G,G,G,G,G,G,G,G,G,G
13,82710465,T,C,T,T,T,C,C,C,T,T,T,T,T,T,T,T,C,C,T,T,T,C,C,T,C,T,C,T,C,C,C,T,C,T,T,T,C,C,T,C,C,H,C,C,C,C,T,T,T,T,C,C,C,T,T,C
13,82916083,T,C,T,T,T,T,T,T,T,T,T,T,T,T,T,T,T,T,T,T,T,C,T,T,T,T,C,T,C,T,T,T,T,T,T,T,C,T,T,T,T,T,T,T,T,T,T,T,T,T,T,T,T,T,T,C
13,83045876,T,T,G,G,G,G,T,T,G,G,G,G,G,G,T,G,T,G,G,G,G,T,G,G,T,G,T,T,T,T,T,G,T,G,G,T,T,G,T,T,T,H,T,T,G,T,G,G,G,G,G,T,G,G,G,T
13,83515901,G,A,G,G,G,A,G,G,G,G,G,G,G,G,G,G,G,A,G,G,G,A,A,G,G,G,A,G,A,G,G,G,G,G,G,G,A,A,G,G,G,H,G,G,A,G,G,G,G,G,A,G,A,G,G,A
13,84349373,C,C,T,T,C,C,T,T,C,T,C,T,T,T,C,T,T,C,T,T,C,C,C,T,T,T,C,C,C,T,T,T,T,T,T,C,C,C,C,T,T,C,T,T,C,T,H,T,T,C,C,T,C,C,T,C
13,85296623,A,G,G,A,A,A,A,G,A,G,A,G,A,G,A,G,G,A,G,G,A,G,A,A,A,G,G,A,G,G,A,G,G,G,A,A,G,A,A,G,G,A,G,G,A,A,H,A,A,A,A,A,A,A,G,G
13,85572012,T,C,C,C,C,C,C,C,C,C,C,C,T,C,T,C,C,C,C,C,C,C,C,C,C,C,C,T,C,C,C,C,C,C,C,T,C,C,T,C,C,T,C,C,C,C,C,C,C,C,C,C,C,C,C,C
13,85808377,A,A,C,C,C,C,C,A,C,C,C,C,A,C,C,A,A,C,C,C,C,A,C,C,C,C,A,N,A,A,C,C,A,C,C,A,A,C,N,A,A,A,A,n,C,C,H,C,C,C,C,C,C,C,C,A
13,86013619,T,T,G,G,G,T,T,T,G,G,G,G,T,G,G,T,T,T,G,G,G,T,T,G,T,G,T,T,T,T,T,G,T,G,G,T,T,T,T,T,T,T,T,T,T,H,H,G,G,G,T,T,T,G,G,T
13,86441448,C,T,T,C,C,C,T,C,C,T,T,T,C,T,C,C,C,C,T,T,C,T,C,C,T,T,T,C,T,C,T,T,C,T,C,C,T,C,C,C,C,C,C,C,C,H,C,C,C,C,C,T,C,C,T,T
13,86981002,A,A,A,G,G,A,G,G,G,A,A,A,A,A,G,G,G,A,A,A,G,A,A,G,G,A,A,A,A,G,G,A,G,A,G,A,A,A,A,G,G,A,G,G,A,G,G,G,G,G,A,G,A,G,A,A
13,87072996,G,G,G,A,A,A,A,A,A,G,G,G,G,G,A,A,A,A,G,G,A,G,A,A,A,G,G,G,G,A,A,G,A,G,A,G,G,A,G,A,A,G,A,A,A,A,A,A,A,A,A,A,A,A,G,G
13,88269893,G,G,G,G,G,G,A,G,G,G,G,G,G,G,G,G,G,G,G,G,G,G,G,G,A,G,G,G,G,G,A,G,G,G,G,G,G,G,G,G,G,G,G,G,G,H,G,G,G,G,G,A,G,G,G,G
13,89145710,A,G,G,G,G,G,A,A,G,G,G,G,A,G,G,A,A,G,G,G,G,G,G,G,A,G,G,A,G,A,A,G,A,G,G,A,G,G,A,A,A,A,A,A,G,H,G,G,G,G,G,A,G,G,G,G
13,89604069,C,T,C,T,T,C,C,T,T,C,C,C,C,C,T,T,T,C,C,C,T,T,C,T,C,C,T,C,T,T,C,C,T,C,T,C,T,C,C,T,T,C,T,T,C,H,T,T,T,T,C,C,C,T,C,T
13,89944237,T,C,T,T,C,C,C,T,C,T,T,T,T,T,C,T,T,C,T,T,C,C,C,T,C,T,C,T,C,T,C,T,T,T,T,T,C,C,T,T,T,T,T,T,C,C,C,C,T,C,C,C,C,C,T,C
13,90343817,C,C,C,A,C,C,C,A,C,C,C,C,C,C,C,A,A,C,C,C,C,C,C,A,C,C,C,C,C,A,C,C,A,C,A,C,C,C,C,A,A,C,A,A,C,C,C,C,A,C,C,C,C,C,C,C
13,91746950,G,A,A,G,G,A,A,A,G,A,A,A,A,A,G,A,A,A,A,A,G,A,A,G,A,A,A,G,A,A,A,A,A,A,G,G,A,A,G,A,A,G,A,A,A,H,G,G,G,G,G,A,A,G,A,A
13,92709661,C,C,C,C,T,C,C,T,T,C,C,C,C,C,T,T,T,C,C,C,T,T,C,C,C,C,C,C,C,T,C,T,T,C,C,C,C,C,C,T,T,C,T,T,C,T,T,T,C,C,C,C,C,T,C,C
13,93191709,C,T,C,C,C,C,C,C,C,C,C,C,C,C,C,C,C,C,C,C,C,C,C,C,C,C,T,C,T,C,C,C,C,C,C,C,T,C,C,C,C,C,C,C,C,C,C,C,C,C,C,C,C,C,C,T
13,93244850,G,G,G,G,A,G,A,G,A,G,G,G,G,G,A,G,G,G,G,G,A,A,G,G,G,G,G,G,G,G,A,G,G,G,G,G,G,G,G,G,G,G,G,G,G,A,A,A,G,G,G,A,G,A,G,G
13,93918354,C,T,C,C,C,C,C,C,C,C,C,C,C,C,C,C,C,C,C,C,C,C,C,C,C,C,T,C,T,C,C,C,C,C,C,C,T,C,C,C,C,C,C,H,C,C,C,C,C,C,C,C,C,C,C,T
13,94100679,G,A,A,A,A,G,G,A,G,A,A,A,A,A,A,A,A,G,A,A,A,A,A,A,A,A,A,G,A,A,G,A,A,A,A,G,A,G,G,A,A,G,A,A,G,A,A,A,A,G,G,G,G,A,A,A
13,94644846,A,G,G,G,G,A,G,A,A,G,G,G,G,G,G,A,A,A,G,G,G,G,A,G,G,G,G,A,G,A,G,A,A,G,G,A,G,A,A,A,A,A,A,H,A,G,G,G,G,A,A,G,A,G,G,G
13,95039880,A,A,A,A,A,G,G,G,A,A,A,A,A,A,A,G,G,G,A,A,A,A,G,A,A,A,A,A,A,G,G,G,G,A,A,A,A,G,A,G,G,A,G,H,G,A,A,A,A,A,A,G,G,A,A,A
13,95110278,C,T,T,T,T,C,C,C,C,T,T,T,T,T,T,C,C,C,T,T,T,T,C,T,T,T,H,C,T,C,C,C,C,T,T,C,T,C,C,C,C,C,C,H,C,T,T,T,T,C,C,C,C,T,T,T
13,95133961,T,C,T,T,T,T,T,T,T,T,T,T,T,T,T,T,T,T,T,T,T,T,T,T,T,T,H,T,C,T,T,T,T,T,T,T,C,T,T,T,T,T,T,H,T,T,T,T,T,T,T,T,T,T,T,C
13,95759616,A,G,A,G,A,G,G,A,A,G,A,A,A,A,A,A,A,G,A,A,A,A,A,G,A,A,G,A,G,A,G,A,A,A,G,A,G,G,A,A,A,A,A,A,G,A,A,A,G,A,A,G,G,A,A,G
13,96029874,C,C,C,C,T,T,C,T,C,C,C,C,C,C,T,T,T,T,C,H,T,T,T,C,C,C,C,C,C,T,C,T,T,C,C,C,C,T,C,T,T,C,T,T,T,T,T,T,C,C,C,C,T,T,C,C
13,96600833,A,G,A,G,A,G,G,A,A,G,A,A,A,A,A,A,A,G,A,A,A,A,A,G,A,A,G,A,G,A,G,A,A,A,G,A,G,G,G,A,A,A,A,A,G,A,A,A,G,A,A,G,G,A,A,G
13,96744156,C,A,A,A,C,A,A,A,C,A,A,A,A,A,C,A,A,A,A,H,C,C,A,A,A,A,A,C,A,A,A,A,A,A,A,C,A,A,A,A,A,C,A,A,A,C,C,C,A,C,C,A,A,C,A,A
13,97517166,G,A,A,A,A,G,G,A,G,A,A,A,A,A,A,A,A,G,A,A,A,A,A,A,A,A,H,G,A,A,G,A,A,A,A,G,G,G,G,A,A,G,A,A,G,A,A,A,A,G,G,G,G,A,A,A
13,98316357,C,C,T,T,T,C,C,C,C,C,T,T,T,T,T,C,C,C,T,T,T,T,C,T,T,T,C,C,C,C,C,C,C,T,T,C,C,C,C,C,C,C,C,C,C,T,T,T,T,C,C,C,C,T,T,C
13,98656992,G,A,A,G,G,G,G,G,G,G,A,A,A,A,G,G,G,G,A,H,G,G,G,G,A,A,H,G,A,G,G,G,G,A,G,G,G,G,G,G,A,G,G,G,G,G,G,G,G,G,G,G,G,G,A,A
13,100095523,G,G,T,T,G,G,G,T,T,T,T,T,T,T,G,T,T,G,T,H,G,G,T,T,T,T,G,G,G,T,G,T,T,T,T,G,G,G,G,T,G,G,T,G,G,G,G,G,T,G,G,G,G,G,T,G
13,101319152,G,A,A,G,A,G,G,A,A,A,A,A,A,A,A,A,A,G,A,A,A,A,A,G,A,A,A,G,A,A,G,A,A,A,G,G,G,G,G,A,A,G,A,A,G,A,A,A,G,G,G,A,G,A,A,H
13,101804701,C,C,C,C,C,T,T,T,T,T,C,C,C,T,C,T,T,T,C,C,C,C,T,C,C,C,C,T,C,T,T,C,T,C,C,C,T,T,T,T,C,C,T,C,T,C,C,C,C,C,C,C,C,T,C,C
13,102227537,G,A,G,G,G,A,G,G,G,G,G,G,G,G,G,G,G,A,G,G,G,G,G,G,G,G,A,A,A,G,G,G,G,G,G,G,G,A,G,G,A,G,G,A,A,G,G,G,G,G,G,G,G,G,G,H
13,102893320,T,C,C,C,C,C,C,C,C,C,C,C,C,C,C,C,C,C,C,C,C,C,C,C,C,C,C,C,C,C,C,T,C,C,C,T,C,C,C,C,C,T,C,C,C,C,C,C,C,T,T,C,C,C,C,H
13,102960193,T,C,C,T,C,C,C,C,C,C,C,C,C,C,C,C,C,C,C,C,C,C,C,T,C,C,C,C,C,C,C,T,C,C,T,T,C,C,C,C,C,T,C,C,C,C,C,C,T,T,T,C,T,C,C,H
13,102963502,C,C,C,C,T,C,C,T,C,T,C,C,C,T,T,T,T,C,C,H,T,T,T,C,C,C,C,C,C,T,C,C,T,C,C,C,C,C,C,T,C,C,T,C,C,T,T,T,C,C,C,T,C,T,C,C
13,102972662,G,G,G,G,A,G,G,A,G,A,G,G,G,A,A,A,A,G,G,H,A,A,A,G,G,G,G,G,G,A,G,G,A,G,G,G,G,G,G,A,G,G,A,G,G,A,A,A,G,G,G,A,G,A,G,G
13,103083702,G,G,G,G,T,G,G,G,G,G,G,G,G,G,T,G,G,G,G,H,T,T,G,G,G,G,G,G,G,G,G,G,G,G,G,G,G,G,G,G,G,G,G,G,G,T,T,T,G,G,G,T,G,G,G,G
13,103141197,A,A,C,A,C,C,C,C,C,C,C,C,C,C,C,C,C,C,C,C,C,C,C,A,C,C,A,C,A,C,C,A,C,C,A,A,C,A,C,C,A,A,C,A,C,C,C,C,A,A,A,C,A,C,C,A
13,103152581,T,T,C,T,C,C,C,C,C,C,C,C,C,C,C,C,C,C,C,C,C,C,C,T,C,C,T,C,T,C,C,T,C,C,T,T,C,T,C,C,T,T,C,T,C,C,C,C,T,T,T,C,T,C,C,T
13,103155042,A,A,G,A,G,G,G,G,G,G,G,G,G,G,G,G,G,G,G,G,G,G,G,A,G,G,A,G,A,G,G,A,G,G,A,A,G,A,G,G,A,A,G,A,G,G,G,G,A,A,A,G,A,G,G,A
13,103262057,A,A,A,A,A,T,A,A,A,A,A,A,A,A,A,A,A,T,A,A,A,A,A,A,A,A,A,T,A,A,A,A,T,A,A,A,A,A,A,A,A,A,A,A,T,A,A,A,A,A,A,A,A,A,A,A
13,103436366,G,G,A,G,A,G,G,G,G,G,A,A,A,G,A,G,G,G,A,A,A,A,G,G,A,A,G,G,G,G,G,G,G,A,G,G,G,G,G,G,G,G,G,G,G,A,A,A,G,G,G,A,G,G,A,G
13,103449760,G,T,T,G,T,G,G,T,G,T,T,T,T,T,T,T,T,G,T,T,T,T,T,G,T,T,T,G,T,T,G,G,G,T,G,G,G,T,G,T,T,G,T,T,G,T,T,T,G,G,G,T,G,T,T,T
13,103482959,T,C,C,T,C,C,C,C,C,C,C,C,C,C,C,C,C,C,C,C,C,C,C,T,C,C,C,C,C,C,C,T,C,C,T,T,C,C,C,C,C,T,C,C,C,C,C,C,T,T,T,C,T,C,C,C
13,103880358,T,T,T,T,C,T,C,T,C,T,T,T,T,T,C,T,T,T,T,H,C,C,T,T,T,T,T,T,T,T,C,T,T,T,T,T,C,T,C,T,T,T,T,T,T,C,C,C,T,T,T,C,T,T,T,T
13,104014854,G,G,G,G,A,G,G,G,G,G,G,G,G,G,A,G,G,G,G,H,A,A,G,G,G,G,G,G,G,G,G,G,G,G,G,G,G,G,G,G,G,G,G,G,G,A,A,A,G,G,G,A,G,G,G,G
13,104128714,C,T,C,C,T,T,T,C,T,C,C,C,C,C,T,C,C,T,C,H,T,T,C,C,C,C,T,T,T,C,T,C,T,C,C,C,T,T,T,C,T,C,C,T,T,T,T,T,C,C,C,T,C,C,C,T
13,104394211,C,T,C,C,T,T,T,T,T,T,C,C,C,T,T,T,T,T,C,H,T,T,T,C,C,C,T,T,T,T,T,C,T,C,C,C,T,T,T,T,T,C,T,T,T,T,T,T,C,C,C,T,C,T,C,T
13,104818712,T,G,G,T,G,G,G,T,G,T,G,G,G,T,G,T,T,G,G,G,G,G,T,T,G,G,G,G,G,T,G,T,G,G,T,T,G,G,G,T,G,T,T,G,G,G,G,G,T,T,T,G,T,T,G,G
13,104907709,C,C,C,C,T,T,T,C,T,C,C,C,C,C,T,C,C,T,C,H,T,T,C,C,C,C,C,T,C,C,T,C,T,C,C,C,C,C,T,C,C,C,C,C,T,T,T,T,C,C,C,T,C,C,C,C
13,105148844,C,T,T,C,C,C,C,C,C,C,T,T,T,C,C,C,C,C,T,H,C,C,C,C,T,T,T,C,T,C,C,C,C,T,C,C,T,T,C,C,T,C,C,T,C,C,C,C,C,C,C,C,C,C,T,T
13,105189497,C,C,C,C,T,T,T,C,T,C,C,C,C,C,T,C,C,T,C,H,T,T,C,C,C,C,C,T,C,C,T,C,T,C,C,C,C,C,T,C,C,C,C,C,T,T,T,T,C,C,C,T,C,C,C,C
13,105215074,G,G,G,G,T,T,T,G,T,G,G,G,G,G,T,G,G,T,G,H,T,T,G,G,G,G,G,T,G,G,T,G,T,G,G,G,G,G,T,G,G,G,G,G,T,T,T,T,G,G,G,T,G,G,G,G
13,106438653,T,T,C,T,T,T,T,T,T,T,C,C,C,T,T,T,T,T,C,H,T,T,T,T,C,C,T,T,T,T,T,T,T,C,T,T,T,T,T,T,T,T,T,T,T,T,T,T,T,T,T,T,T,T,C,T
13,106454137,G,A,A,G,G,G,G,G,G,G,A,A,A,G,G,G,G,G,A,H,G,G,G,G,A,A,A,G,A,G,G,G,G,A,G,G,A,A,G,G,A,G,G,A,G,G,G,G,G,G,G,G,G,G,A,A
13,106482605,C,C,C,C,T,T,T,C,T,C,C,C,C,C,T,C,C,T,C,H,C,T,C,C,C,C,C,T,C,C,T,C,T,C,C,C,C,C,T,C,C,C,C,C,T,T,T,T,C,C,C,T,C,C,C,C
13,106701920,A,G,G,A,A,A,A,A,A,A,G,G,G,A,A,A,A,A,G,H,A,A,A,A,G,G,G,A,G,A,A,A,A,G,A,A,G,G,A,A,G,A,A,G,A,A,A,A,A,A,A,A,A,A,G,G
13,107382731,T,T,C,C,T,C,T,C,T,C,C,C,C,C,T,C,C,C,C,H,C,T,C,C,C,C,T,C,T,C,T,T,C,C,C,T,T,T,T,C,T,T,C,T,C,T,T,T,T,T,T,T,C,C,C,T
13,107529299,T,C,C,C,C,C,C,C,C,C,C,C,C,C,C,C,C,C,C,C,C,C,C,C,C,C,C,C,C,C,C,T,C,C,C,T,C,C,C,C,C,T,C,C,C,C,C,C,T,T,T,C,C,C,C,C
13,107872088,T,C,C,C,C,C,C,C,C,C,C,C,C,C,C,C,C,C,C,C,C,C,C,C,C,C,C,C,C,C,C,T,C,C,C,T,C,C,C,C,C,T,C,C,C,C,C,C,T,T,T,C,C,C,C,C
13,108086471,C,T,T,T,T,T,T,C,T,C,T,T,T,C,T,C,C,T,T,T,C,T,C,T,T,C,T,T,T,C,T,C,T,C,T,C,T,T,T,C,T,C,C,T,T,T,T,T,C,C,C,T,T,C,T,T
13,108494176,T,C,C,C,C,T,C,T,C,T,C,C,C,T,C,T,T,T,C,C,T,C,T,C,C,T,C,T,C,T,C,T,T,T,C,T,C,C,C,T,C,T,T,C,T,C,C,C,T,T,T,C,C,T,C,C
13,109595884,A,G,G,A,A,G,A,G,A,G,G,G,G,G,A,G,G,G,G,H,G,A,G,A,G,G,G,G,A,G,G,A,G,G,A,H,G,G,A,G,G,A,G,G,G,A,A,A,A,A,G,A,A,G,G,G
13,110031906,A,A,A,G,G,G,G,A,G,A,A,A,A,A,G,A,A,G,A,H,A,G,A,G,A,A,A,G,G,A,A,A,G,A,G,H,A,A,G,A,H,A,A,A,G,G,G,G,A,A,A,G,G,A,G,A
13,110033069,T,T,T,G,G,G,G,T,G,T,T,T,T,T,G,T,T,G,T,H,T,G,T,G,T,T,T,G,G,T,T,T,G,T,G,H,T,T,G,T,H,T,T,T,G,G,G,G,T,T,T,G,G,T,G,T
13,110034148,G,G,G,T,T,T,T,G,T,G,G,G,G,G,T,G,G,T,G,H,G,T,G,T,G,G,G,T,T,G,G,G,T,G,T,H,G,G,T,G,H,G,G,G,T,T,T,T,G,G,G,T,T,G,T,G
13,110115075,A,A,A,C,C,C,C,A,C,A,A,A,A,A,C,A,A,C,A,H,A,C,A,C,A,A,A,C,C,A,A,A,C,A,C,H,A,A,C,A,H,A,A,A,C,C,C,C,A,A,A,C,C,A,C,A
13,110241822,A,A,A,C,C,C,C,C,C,A,A,A,A,C,C,C,C,C,A,H,C,A,C,C,A,C,A,C,C,C,A,A,C,C,C,H,A,A,C,C,H,C,C,A,C,C,C,C,A,A,C,C,C,C,C,A
13,110259897,T,T,T,G,G,G,G,T,G,T,T,T,T,T,G,T,T,G,T,H,T,T,T,G,T,T,T,G,G,T,T,T,G,T,G,H,T,T,G,T,H,T,T,T,G,G,G,G,T,T,T,G,G,T,G,T
13,110284789,C,C,C,A,A,A,A,C,A,C,C,C,C,C,A,C,C,A,C,H,C,C,C,A,C,C,C,A,A,C,C,C,A,C,A,H,C,C,A,C,H,C,C,C,A,A,A,A,C,C,C,A,A,C,A,C
13,110348132,T,T,T,T,T,T,T,G,T,T,T,T,T,G,T,G,G,T,T,T,G,T,G,T,T,G,T,T,T,G,T,T,T,G,T,T,T,T,T,G,T,G,G,T,T,T,T,T,T,T,G,T,T,G,T,T
13,110353400,A,A,A,A,A,A,A,G,A,A,A,A,A,G,A,G,G,A,A,A,G,A,G,A,A,G,A,A,A,G,A,A,A,G,A,A,A,A,A,G,A,G,G,A,A,A,A,A,A,A,G,A,A,G,A,A
13,110362300,G,G,G,G,G,G,G,A,G,G,G,G,G,A,G,A,A,G,G,G,A,G,A,G,G,A,G,G,G,A,G,G,G,A,G,G,G,G,G,A,G,A,A,G,G,G,G,G,G,G,A,G,G,A,G,G
13,110391903,T,T,T,G,G,G,T,T,T,T,T,T,T,T,G,T,T,G,T,H,T,T,T,G,T,T,T,G,T,T,T,T,G,T,G,H,T,T,T,T,H,T,T,T,G,G,G,G,T,T,T,G,T,T,G,T
13,110399049,T,G,G,T,T,T,T,G,T,G,G,G,G,G,T,G,G,T,G,G,G,G,G,T,G,G,G,T,T,G,G,T,T,G,T,T,G,G,T,G,T,G,G,G,T,T,T,T,T,T,G,T,T,G,T,G
13,110678029,G,G,G,G,G,T,G,G,G,G,G,G,G,G,G,G,G,T,G,G,G,G,G,G,G,G,G,T,G,G,G,G,G,G,G,H,G,G,G,G,T,G,G,G,T,G,G,G,G,G,G,G,G,G,T,G
13,110815604,T,T,C,C,C,T,C,T,C,C,C,C,C,T,C,T,T,T,C,C,T,T,T,C,C,T,T,T,C,T,T,T,C,T,C,T,T,T,C,T,T,T,T,T,T,C,C,C,T,T,T,C,C,T,T,T
13,111099266,T,T,T,G,G,G,G,T,G,T,T,T,T,T,G,T,T,G,T,T,T,T,T,G,T,T,T,G,G,T,T,T,G,T,G,H,T,T,G,T,G,T,T,T,G,G,G,G,T,T,T,G,G,T,G,T
13,112324441,T,T,T,C,T,T,C,T,C,T,T,T,T,T,T,T,T,T,T,T,T,T,T,C,T,T,T,T,C,T,T,T,C,T,C,T,T,C,C,T,T,T,T,T,T,T,T,T,T,T,T,T,C,T,T,T
13,112541103,T,C,C,T,C,C,C,T,C,C,C,C,C,T,T,T,T,C,C,C,T,C,T,T,C,T,C,C,C,T,C,T,T,C,T,H,C,T,C,T,C,T,T,C,C,C,C,C,T,T,T,C,C,C,C,C
13,112683550,T,C,C,C,T,T,T,C,T,C,C,C,C,C,T,C,C,T,C,C,C,C,C,C,C,C,C,T,T,C,C,T,C,C,C,T,C,C,T,C,T,C,C,C,T,T,T,T,T,T,C,T,T,T,T,C
13,112920153,T,C,C,C,T,C,C,C,C,C,C,C,C,C,T,C,C,C,C,C,C,C,C,C,C,C,C,C,C,C,C,T,C,C,C,H,C,C,C,C,C,C,C,C,C,T,T,T,T,T,C,T,C,T,C,C
13,113427475,T,C,C,C,T,T,C,C,C,C,C,C,C,C,T,C,C,T,C,C,C,C,C,C,C,C,C,T,C,C,C,T,C,C,C,T,C,C,C,C,T,C,C,C,T,T,T,T,T,T,C,T,C,C,T,C
13,113582119,A,G,G,G,A,G,A,G,A,G,G,G,G,G,A,G,G,G,G,G,G,G,G,G,G,G,G,G,A,G,G,A,G,G,G,H,G,G,A,G,G,G,G,G,G,A,A,A,A,A,G,A,A,G,G,G
13,113683650,T,G,G,G,T,G,G,G,G,G,G,G,G,G,T,G,G,G,G,G,G,G,G,G,G,G,G,G,G,G,G,T,G,G,G,H,G,G,G,G,G,G,G,G,G,T,T,T,T,T,G,T,G,G,G,G
13,113857071,C,T,T,T,C,C,C,T,C,T,T,T,T,T,C,T,T,C,T,T,T,T,T,T,T,T,T,C,C,T,T,C,T,T,T,C,T,T,C,T,C,T,T,T,C,C,C,C,C,C,T,C,C,T,C,T
13,114536911,T,C,C,C,T,C,T,C,T,C,C,C,C,C,T,C,C,C,C,C,C,C,C,C,C,C,C,C,T,C,C,T,C,C,C,H,C,C,T,C,C,C,C,C,C,T,T,T,T,T,C,T,T,C,C,C
13,114862377,A,C,C,C,A,C,A,C,A,C,C,H,C,C,A,C,C,C,C,C,C,C,C,C,C,C,C,C,A,C,C,A,C,C,C,H,C,C,A,C,C,C,C,C,C,A,A,A,A,A,C,A,A,C,C,C
13,115447807,G,A,G,G,G,G,G,A,G,G,G,G,G,A,G,A,A,G,G,G,A,A,A,G,G,A,A,G,G,A,A,G,G,A,G,G,A,G,G,A,G,A,A,A,G,G,G,G,G,G,A,G,G,A,G,A
13,115629745,T,C,C,C,T,T,C,C,C,C,C,H,C,C,T,C,C,T,C,T,C,C,C,C,C,C,C,T,C,C,C,T,C,C,C,T,C,C,C,C,T,C,C,C,T,T,T,T,T,T,C,T,C,C,T,C
13,115658602,G,G,A,A,G,G,G,G,G,A,A,H,A,G,G,G,G,G,A,G,G,G,G,A,A,G,G,G,G,G,G,G,A,G,A,G,G,A,G,G,G,G,G,G,G,G,G,G,G,G,G,G,G,G,G,G
13,115839893,C,T,C,C,C,C,C,C,C,C,C,C,C,C,C,C,C,C,C,C,C,T,C,C,C,C,T,C,C,C,T,C,C,T,C,C,T,C,C,C,C,C,T,T,C,C,C,C,C,C,C,C,C,C,C,T
13,115915084,C,T,T,T,T,C,C,T,C,T,T,T,T,T,C,T,T,C,T,C,T,T,T,T,T,T,T,C,C,T,T,C,T,T,T,C,T,T,C,T,C,T,T,T,C,T,T,T,C,C,T,T,C,T,C,T
13,115947826,G,A,A,A,A,G,G,A,G,A,A,A,A,A,G,A,A,G,A,G,A,A,A,A,A,A,A,G,G,A,A,G,A,A,A,G,A,A,G,A,G,A,A,A,G,A,A,A,G,G,A,A,G,A,G,A
13,115992323,G,A,A,A,A,G,G,G,G,A,A,A,A,G,G,G,G,G,A,G,A,A,G,A,A,G,A,G,G,G,A,G,A,A,A,G,A,A,G,G,G,G,A,A,G,A,A,A,G,G,G,A,G,G,G,A
13,116043458,T,G,G,G,G,T,T,G,T,G,G,G,G,G,T,G,G,T,G,T,G,G,G,G,G,G,G,T,T,G,G,T,G,G,G,T,G,G,T,G,T,G,G,G,T,G,G,G,T,T,G,G,T,G,T,G
13,116119640,A,G,G,G,G,G,G,G,G,G,G,G,G,G,A,G,G,G,G,G,G,G,G,G,G,G,G,G,G,G,G,A,G,G,G,H,G,G,G,G,G,G,G,G,G,G,G,G,A,A,G,G,G,G,G,G
13,116147375,C,C,T,T,T,T,C,T,T,T,T,T,T,T,C,T,T,T,T,T,T,C,T,T,T,T,C,T,C,T,C,C,T,C,T,H,C,T,C,T,T,T,C,C,T,T,T,T,C,C,T,T,C,T,T,C
13,116244228,G,A,A,A,A,G,G,G,G,A,A,A,A,G,G,G,G,G,A,G,A,A,G,A,A,G,A,G,G,G,A,G,A,A,A,G,A,A,G,G,G,G,A,A,G,A,A,A,G,G,G,A,G,G,G,A
13,116248153,C,T,T,T,T,C,C,C,C,T,T,T,T,C,C,C,C,C,T,C,T,T,C,T,T,C,T,C,C,C,T,C,T,T,T,C,T,T,C,C,C,C,T,T,C,T,T,T,C,C,C,T,C,C,C,T
13,116259849,T,C,C,C,C,T,T,T,T,C,C,C,C,T,T,T,T,T,C,T,C,C,T,C,C,T,C,T,T,T,C,T,C,C,C,T,C,C,T,T,T,T,C,C,T,C,C,C,T,T,T,C,T,T,T,C
13,116301343,C,C,T,T,T,C,C,T,C,T,T,T,T,T,C,T,T,C,T,C,T,C,T,T,T,T,C,C,C,T,C,C,T,C,T,C,C,T,C,T,C,T,C,C,C,T,T,T,C,C,T,T,C,T,C,C
13,116377985,T,C,C,C,C,T,T,C,T,C,C,C,C,C,T,C,C,T,C,T,C,C,C,C,C,C,C,T,T,C,C,T,C,C,C,T,C,C,T,C,T,C,C,C,T,C,C,C,T,T,C,C,T,C,T,C
13,116489779,G,G,A,G,A,A,G,G,A,A,A,A,A,G,G,G,G,A,A,A,A,G,G,A,A,G,G,A,G,G,G,G,G,G,G,H,G,G,G,G,A,G,G,G,A,A,A,A,G,G,G,A,G,G,A,G
13,116498643,T,C,C,C,C,T,T,T,T,C,C,C,C,T,T,T,T,T,C,T,C,C,T,C,C,T,C,T,T,T,C,T,C,C,C,T,C,C,T,T,T,T,C,C,T,C,C,C,T,T,T,C,T,T,T,C
13,116755572,T,T,C,T,C,C,T,C,C,C,C,C,C,C,T,C,C,C,C,C,C,T,C,C,C,C,T,C,C,C,T,T,T,T,T,H,T,T,T,C,C,C,T,T,C,C,C,C,T,T,C,C,T,C,T,T
13,116777149,G,T,T,T,T,G,T,T,G,T,T,T,T,T,G,T,T,G,T,G,T,T,T,T,T,T,T,G,T,T,T,G,T,T,T,G,T,T,T,T,G,T,T,T,G,T,T,T,G,G,T,T,T,T,T,T
13,116817729,G,A,A,A,A,G,G,A,G,A,A,A,A,A,G,A,A,G,A,G,A,A,A,A,A,A,A,G,A,A,A,G,A,A,A,G,A,A,G,A,G,A,A,A,G,A,A,A,G,G,A,A,G,A,A,A
13,116939841,C,T,T,T,T,C,C,T,C,T,T,T,T,T,C,T,T,C,T,C,T,T,T,T,T,T,T,C,T,T,T,C,T,T,T,C,T,T,C,T,C,T,T,T,C,T,T,T,C,C,T,T,C,T,T,T
13,117048107,A,C,C,A,C,C,A,C,C,C,C,C,C,C,A,C,C,C,C,C,C,C,C,C,C,C,C,C,C,C,C,A,A,C,A,H,C,A,A,C,C,C,C,C,C,C,C,C,A,A,C,C,A,C,A,C
13,117074000,A,G,G,G,G,A,A,A,A,G,G,G,G,A,A,A,A,A,G,A,G,G,A,G,G,A,G,A,A,A,G,A,G,G,G,A,G,G,A,A,A,A,G,G,A,G,G,G,A,A,A,G,A,A,G,G
13,117083721,C,A,A,A,A,A,C,A,A,A,A,A,A,A,C,A,A,A,A,A,A,A,A,A,A,A,A,A,A,A,A,C,A,A,A,H,A,A,C,A,A,A,A,A,A,A,A,A,C,C,A,A,C,A,A,A
13,117104570,C,C,T,C,T,C,C,C,C,T,T,T,T,C,C,C,C,C,T,C,T,C,C,T,T,C,C,C,C,C,C,C,C,C,C,C,C,C,C,C,C,C,C,C,C,T,T,T,C,C,C,T,C,C,C,C
13,117156719,A,A,G,A,G,A,G,A,A,G,G,G,G,A,A,A,A,A,G,A,G,A,A,G,G,A,A,A,A,A,A,A,A,A,A,A,A,A,G,A,A,A,A,A,A,G,G,G,A,A,A,G,G,A,A,A
13,117306006,C,T,T,T,T,T,C,C,T,T,T,T,T,C,C,C,C,T,T,T,T,T,C,T,T,C,T,T,C,C,T,C,T,T,T,H,T,T,C,C,T,C,T,T,T,T,T,T,C,C,C,T,C,C,T,T
13,117476173,G,T,T,G,T,T,G,T,T,T,T,T,T,T,G,T,T,T,T,T,T,T,T,T,T,T,T,T,T,T,T,G,G,T,G,H,T,G,G,T,T,T,T,T,T,T,T,T,G,G,T,T,G,T,G,T
13,117548353,A,G,G,G,G,A,G,G,A,G,G,G,G,G,A,G,G,A,G,A,G,G,G,G,G,G,G,A,G,G,G,A,G,G,G,A,G,G,G,G,A,G,G,G,A,G,G,G,A,A,G,G,G,G,G,G
13,117570475,A,G,G,G,G,A,A,A,A,G,G,G,G,A,A,A,A,A,G,A,G,G,A,G,G,A,G,A,A,A,G,A,G,G,G,A,G,G,A,A,A,A,G,G,A,G,G,G,A,A,A,G,A,A,G,G
13,118028985,C,A,A,C,A,C,C,C,C,A,A,A,A,C,C,C,C,C,A,C,A,A,C,A,A,C,A,C,C,C,A,C,C,A,C,C,A,C,C,C,C,C,A,A,C,A,A,A,C,C,C,A,C,C,C,A
13,118201644,C,T,T,C,T,T,T,C,T,T,T,T,T,C,C,C,C,T,T,T,T,T,C,T,T,C,T,T,C,C,T,C,C,T,C,H,T,T,T,C,T,C,T,T,T,T,T,T,C,C,C,T,T,C,C,T
13,118597576,G,T,T,T,T,G,T,G,G,T,T,T,T,G,G,G,G,G,T,G,T,T,G,T,T,G,T,G,G,G,T,G,T,T,T,G,T,T,T,G,G,G,T,T,G,T,T,T,T,G,G,T,T,G,T,T
13,118802315,C,T,T,C,T,T,T,C,T,T,T,T,T,C,C,C,C,T,T,T,T,T,C,T,T,C,T,T,C,C,T,C,C,T,C,H,T,T,T,C,T,C,T,T,T,T,T,T,C,C,C,T,T,C,C,T
13,119007884,C,T,T,C,T,T,T,C,T,T,T,T,T,C,C,C,C,T,T,T,C,T,C,T,T,C,T,T,C,C,T,C,C,T,C,T,T,T,T,C,T,C,T,T,T,T,T,T,C,C,C,T,T,C,C,T
13,119033840,C,T,T,C,T,C,T,C,C,T,T,T,T,C,C,C,C,C,T,C,C,T,C,T,T,C,T,C,C,C,T,C,C,T,C,C,T,T,T,C,C,C,T,T,C,T,T,T,C,C,C,T,T,C,C,T
13,119146120,T,C,C,T,C,T,C,T,T,C,C,C,C,T,T,T,T,T,C,T,T,C,T,C,C,T,C,T,T,T,C,T,T,C,T,T,C,C,C,T,T,T,C,C,T,C,C,C,T,T,T,C,C,T,T,C
13,119811339,T,T,C,T,T,T,C,T,T,T,C,T,C,T,T,T,T,T,C,T,T,T,T,C,C,T,T,T,T,T,T,T,T,T,T,T,T,T,T,T,T,T,T,T,T,T,T,T,T,T,T,T,H,T,T,T
13,119817784,T,T,C,T,T,T,C,T,T,T,C,T,C,T,T,T,T,T,C,T,T,T,T,C,C,T,T,T,T,T,T,T,T,T,T,T,T,T,T,T,T,T,T,T,T,T,T,T,T,T,T,T,H,T,T,T